OrderID,Date,Region,Category,Product,Quantity,UnitPrice,TotalRevenue
1001,2026-05-01,North,Electronics,Laptop,2,1200.00,2400.00
1002,2026-05-01,South,Office Supplies,Desk Chair,5,150.00,750.00
1003,2026-05-02,East,Furniture,Bookshelf,1,300.00,300.00
1004,2026-05-02,West,Electronics,Smartphone,4,800.00,3200.00
1005,2026-05-03,North,Office Supplies,Printer Paper,20,15.00,300.00
1006,2026-05-03,South,Electronics,Wireless Mouse,10,25.00,250.00
1007,2026-05-04,East,Apparel,T-Shirt,50,20.00,1000.00
1008,2026-05-04,West,Furniture,Standing Desk,2,450.00,900.00
1009,2026-05-05,North,Apparel,Sneakers,8,90.00,720.00
1010,2026-05-05,South,Electronics,Monitor,3,200.00,600.00
1011,2026-05-06,East,Office Supplies,Pens (Box),15,10.00,150.00
1012,2026-05-06,West,Electronics,Tablet,6,400.00,2400.00
1013,2026-05-07,North,Furniture,Sofa,1,850.00,850.00
1014,2026-05-07,South,Apparel,Jacket,4,120.00,480.00
1015,2026-05-08,East,Electronics,Headphones,12,150.00,1800.00
1016,2026-05-08,West,Office Supplies,Stapler,8,12.50,100.00
1017,2026-05-09,North,Furniture,Filing Cabinet,2,180.00,360.00
1018,2026-05-09,South,Electronics,Smartwatch,5,250.00,1250.00
1019,2026-05-10,East,Apparel,Jeans,10,60.00,600.00
1020,2026-05-10,West,Office Supplies,Whiteboard,3,80.00,240.00
